<?xml version="1.0" encoding="UTF-8" standalone="yes"?>

	<addon id="repository.kodidev" name="kokobarasi Respository" version="1.0.0" provider-name="kokobarasi">
		<extension point="xbmc.addon.repository" name="kokobarasi Respository">
			<dir>
				<info compressed="false">https://raw.githubusercontent.com/kokobarasi/repository.kodidev/main/zips/addons.xml</info>
				<checksum>https://raw.githubusercontent.com/kokobarasi/repository.kodidev/main/zips/addons.xml.md5</checksum>
				<datadir zip="true">https://raw.githubusercontent.com/kokobarasi/repository.kodidev/main/zips/</datadir>
			</dir>
		</extension>
		<extension point="xbmc.addon.metadata">
			<summary>kokobarasi Respository for Kodi</summary>
			<description>Add-ons Repo for streaming adult contents from the web</description>
			<platform>all</platform>
		   <assets>
            <icon>icon.png</icon>
            <fanart>fanart.jpg</fanart>    
          </assets>
		</extension>
	</addon>

